ACC,5633
3IINFOTECH,3014145
3MINDIA,121345
AARTIDRUGS,1147137
20MICRONS,4331777
AARTIIND,1793
AARVEEDEN,3525377
AARVI-SM,5592833
AAVAS,1378561
ABAN-BE,1986305
ABB,3329
ABBOTINDIA,4583169
ABCAPITAL,5533185
ABFRL,7707649
ABMINTLTD-BE,4416769
ABNINT-IT,2198529
ABSLNN50ET,1878785
ACC,5633
ACCELYA,1805569
ACCORD-SM,5431553
ACCURACY-SM,931585
ACE,3478273
ACEINTEG-SM,5449217
ADANIENT,6401
ADANIGAS,1552897
ADANIGREEN,912129
ADANIPORTS,3861249
ADANIPOWER,4451329
ADANITRANS,2615553
ADFFOODS,5058817
ADHUNIK-BE,3417601
ADHUNIKIND,4481793
ADLABS,1964033
ADORWELD,8705
ADROITINFO-BE,2212865
ADSL,3792129
ADVANIHOTR,3774721
ADVENZYMES,4617985
AEGISCHEM,10241
AGARIND,867585
AGCNET,879361
AGLSL,5459201
AGRITECH,2834433
AGROPHOS-BE,2330881
AHIMSA-SM,2756865
AHLADA-SM,1243905
AHLEAST,4976129
AHLUCONT,4565249
AHLWEST,4957697
AIAENG,3350017
AIFL-BZ,2588929
AIONJSW,1195777
AIRAN,2533633
AIROLAM-SM,5600001
AISL-SM,123393
AJANTPHARM,2079745
AJMERA,4430593
AJOONI-SM,232705
AKASH-SM,5081345
AKG-SM,1225217
AKSHARCHEM,5165569
AKSHOPTFBR,2199297
AKZOINDIA,375553
ALANKIT,2539777
ALBERTDAVD,4417537
ALBK,2760193
ALCHEM-BE,3795713
ALEMBICLTD,20225
ALICON,3495937
ALKALI,4341505
ALKEM,2995969
ALKYLAMINE,1148673
ALLCARGO,3456257
ALLSEC-BE,3021057
ALMONDZ,4280065
ALOKTEXT-BE,1498369
ALPA,3801089
ALPHAGEO,3736833
ALPSINDUS-BE,1951489
AMARAJABAT,25601
AMBANIORG-SM,1045249
AMBER,303361
AMBIKCO,3899905
AMBUJACEM,325121
AMDIND,3685889
AMJLAND,665089
AMJUMBO-SM,346369
AMRUTANJAN,4492033
ANANTRAJ,3486721
ANDHRABANK,2524673
ANDHRACEMT-BE,5228289
ANDHRSUGAR,34817
ANIKINDS,4264193
ANKITMETAL-BE,7535105
ANSALAPI,37889
ANSALHSG,3500289
ANTGRAPHIC-BE,2120961
ANUP,2307585
APARINDS,2941697
APCL,5235969
APCOTEXIND,39425
APEX,5535489
APLAPOLLO,6599681
APLLTD,6483969
APOLLO,290305
APOLLOHOSP,40193
APOLLOTYRE,41729
APOLSINHOT,1613313
APTECHT,2753281
ARCHIDPLY,4299521
ARCHIES,1456129
ARCOTECH-BE,644865
ARENTERP,46337
ARIES,3892225
ARIHANT,3554561
ARIHANTSUP-BE,5164801
ARMANFIN,4419329
AROGRANITE,3726593
ARROWGREEN,2370561
ARROWTEX,4404481
ARSHIYA,4562177
ARSSINFRA-BE,4660737
ARTEDZ-SM,2391041
ARTNIRMAN-SM,4811777
ARVEE-SM,376321
ARVIND,49409
ARVINDFASN,2332417
ARVSMART,2676993
ASAHIINDIA,1376769
ASAHISONG,6422529
ASAL,2722305
ASHAPURMIN-BE,2000385
ASHIANA,6247169
ASHIMASYN,52737
ASHOKA,5166593
ASHOKLEY,54273
ASIANHOTNR,4716033
ASIANPAINT,60417
ASIANTILES,3811585
ASLIND-SM,5248513
ASPINWALL,4421121
ASSAMCO-BE,1872897
ASTEC,4538369
ASTERDM,386049
ASTRAL,3691009
ASTRAMICRO,2974209
ASTRAZEN,1436161
ASTRON,223745
ATFL,425729
ATLANTA,3477761
ATLASCYCLE-BE,2027777
ATUL,67329
ATULAUTO,7685889
AUBANK,5436929
AURDIS-SM,4803073
AURIONPRO,3077633
AUROPHARMA,70401
AUSOMENT,1033473
AUTOAXLES,71169
AUTOIND,3611137
AUTOLITIND-BZ,2575617
AVADHSUGAR,5479937
AVANTIFEED,2031617
AVENTUS-IT,2669569
AVG-SM,670977
AVONMPL-SM,1062913
AVSL-SM,4785153
AVTNPL,3586049
AXISBANK,1510401
AXISCADES,2415617
AXISGOLD,5256193
AYMSYNTEX,2632961
BABAFOOD-SM,5569537
BAFNAPHARM-BE,7435009
BAGFILMS,2873857
BAJAJ-AUTO,4267265
BAJAJCON,4999937
BAJAJELEC,3848705
BAJAJFINSV,4268801
BAJAJHIND,78849
BAJAJHLDNG,78081
BAJFINANCE,81153
BALAJITELE,2344449
BALAMINES,3712257
BALAXI-BE,2896385
BALKRISHNA,2606337
BALKRISIND,85761
BALLARPUR,3937025
BALMLAWRIE,86529
BALPHARMA,3440897
BALRAMCHIN,87297
BANARBEADS,88833
BANARISUG,89601
BANCOINDIA,3553281
BANDHANBNK,579329
BANG,3917569
BANKA-SM,390657
BANKBARODA,1195009
BANKBEES,2928385
BANKINDIA,1214721
BANSAL-SM,5444353
BANSWRAS,3714817
BARTRONICS,3368705
BASF,94209
BASML,3080705
BATAINDIA,94977
BAYERCROP,4589313
BBL,3522817
BBTC,97281
BBTCL-SM,1455873
BCG-BE,2263297
BCONCEPTS-SM,256513
BDL,548865
BDR-IT,1099265
BEARDSELL,4590849
BEDMUTHA,5170177
BEL,98049
BEML,101121
BEPL,107265
BERGEPAINT,103425
BETA-SM,20737
BFINVEST,5404929
BFUTILITIE,3729153
BGLOBAL-BE,6345473
BGRENERGY,3888385
BHAGERIA,3430401
BHAGYANGR,5318657
BHAGYAPROP,5460993
BHALCHANDR-IT,2556161
BHANDARI,5006337
BHARATFIN,4995329
BHARATFORG,108033
BHARATGEAR,109057
BHARATRAS,981505
BHARATWIRE,4127489
BHARTIARTL,2714625
BHEL,112129
BIGBLOC,4718337
BIL,2009089
BILENERGY-BE,5523201
BINANIIND-BZ,2576641
BINDALAGRO,120577
BIOCON,2911489
BIOFILCHEM-BE,2023169
BIRLACABLE,122113
BIRLACORPN,122881
BIRLAMONEY,3901185
BKMINDST-BE,1909505
BLBLIMITED-BE,2083585
BLISSGVS,4931841
BLKASHYAP,3402241
BLS,4423425
BLUEBLENDS,125953
BLUECOAST,1914881
BLUEDART,126721
BLUEDART-N3,1437953
BLUESTARCO,2127617
BODALCHEM,6404353
BOHRA-SM,5207041
BOMDYEING,131329
BOROSIL,806145
BOSCHLTD,558337
BPCL,134657
BPL,135681
BRFL-BE,3345665
BRIGADE,3887105
BRIGHT-SM,998657
BRITANNIA,140033
BRNL,5550849
BROOKS,6434817
BSE,5013761
BSELINFRA,2469633
BSHSL-SM,713473
BSL,143105
BSLGOLDETF,6093825
BSOFT,1790465
BURNPUR-BE,3890689
BUTTERFLY,695297
BVCL-BE,3859713
BYKE,2027265
CADILAHC,2029825
CADSYS-SM,5586689
CALSOFT,2135297
CAMLINFINE,1591297
CANBK,2763265
CANDC-BZ,2271745
CANFINHOME,149249
CANTABIL,5160961
CAPACITE,5567745
CAPLIPOINT,999937
CAPTRUST,4978433
CARBORUNIV,152321
CAREERP,5142017
CARERATING,7452929
CASTEXTECH-BE,3044097
CASTROLIND,320001
CCHHL-BE,1639169
CCL,2931713
CDSL,5420545
CEATLTD,3905025
CEBBCO,5177345
CELEBRITY,3369473
CELESTIAL,3784449
CENTENKA,158465
CENTEXT,2946817
CENTRALBK,3812865
CENTRUM,628225
CENTUM,3835393
CENTURYPLY,3406081
CENTURYTEX,160001
CERA,3849985
CEREBRAINT,7683073
CESC,160769
CESCVENT,2078465
CGCL,5204225
CGPOWER,194561
CHALET,2187777
CHAMBLFERT,163073
CHEMFAB,716545
CHENNPETRO,524545
CHENNPETRO,524545
CHOLAFIN,175361
CHOLAHLDNG,5565441
CHROMATIC,6937857
CIGNITITEC,1316353
CIMMCO,6447105
CINELINE,6953217
CINEVISTA-BE,2055169
CIPLA,177665
CKFSL,2444033
CKPLEISURE-SM,406273
CKPPRODUCT-SM,5300481
CLEDUCATE,5177089
CLNINDIA,183041
CMICABLES,4898049
CMMIPL-SM,24577
CNOVAPETRO,8151809
COALINDIA,5215745
COCHINSHIP,5506049
COFFEEDAY,2858241
COLPAL,3876097
COMPINFO,4513793
COMPUSOFT,7971329
CONCOR,1215745
CONFIPET,2620929
CONSOFINVT,3003137
CONTI-SM,647937
CONTROLPR,4474113
CORALFINAC,1025793
CORDSCABLE,3909377
COROMANDEL,189185
CORPBANK,1319425
COSMOFILMS,189953
COUNCODOS-BE,4349185
COX&KINGS,4558337
CPSEETF,595969
CREATIVE-SM,5237761
CREATIVEYE,2402305
CREDITACC,1131777
CREST,3558401
CRISIL,193793
CRMFGETF,8004353
CROMPTON,4376065
CROWN-SM,4760577
CTE,3639809
CUB,1459457
CUBEXTUB,1040385
CUMMINSIND,486657
CUPID,4741121
CURATECH-BE,2081537
CYBERMEDIA,3031553
CYBERTECH,1549057
CYIENT,1471489
DAAWAT,3536897
DABUR,197633
DALBHARAT,2067201
DALMIASUG,199937
DAMODARIND,4490497
DANGEE-SM,1167105
DATAMATICS,2924289
DBCORP,4577537
DBL,4630017
DBREALTY,4639745
DBSTOCKBRO,7963393
DCAL,5556225
DCBBANK,3513601
DCM-BE,1874689
DCMFINSERV,1222401
DCMSHRIRAM,207617
DCW,209153
DECCANCE,3798529
DEEPAKFERT,211713
DEEPAKNTR,5105409
DEEPIND,4670465
DELTACORP,3851265
DELTAMAGNT,310785
DEN,4536833
DENORA,1095425
DEVIT-SM,5246465
DFMFOODS,4933377
DHAMPURSUG,219393
DHANBANK,2907905
DHANUKA,6248705
DHARSUGAR,221697
DHFL,215553
DHFL-N1,4677633
DHFL-N2,4678145
DHFL-N3,4678657
DHFL-N4,4681217
DHFL-N5,4681729
DHFL-N6,4682241
DHFL-N7,4683265
DHFL-N8,4683777
DHFL-N9,4684289
DHFL-NA,4684801
DHFL-NB,4685313
DHFL-NC,4685825
DHFL-ND,4686337
DHFL-NE,4686849
DHFL-NF,4687361
DHFL-NG,4687873
DHFL-NH,4688385
DHFL-NI,4688897
DHFL-NJ,4689409
DHFL-NK,4732161
DHFL-NL,4732673
DHFL-NM,4733185
DHFL-NN,4733697
DHFL-NO,4734209
DHFL-NP,4734721
DHFL-NQ,855809
DHFL-NR,856833
DHFL-NS,858369
DHFL-NT,859905
DHFL-NU,861441
DHFL-NV,861953
DHFL-NW,862465
DHFL-NX,862977
DHFL-NY,864513
DHFL-NZ,866049
DHFL-Y1,868609
DHFL-Y2,872961
DHUNINV,5691649
DIAMONDYD,5591041
DIAPOWER-BZ,1221633
DICIND,179969
DIGJAMLTD-BE,4536321
DISHTV,3721473
DIVISLAB,2800641
DIXON,5552641
DLF,3771393
DLINKINDIA,4569857
DMART,5097729
DNAMEDIA,164097
DOLLAR,5263361
DOLPHINOFF,3501569
DONEAR,3542785
DPABHUSHAN-SM,59137
DPSCLTD,3947265
DPWIRES-SM,5594625
DQE,6210305
DREDGECORP,2885377
DRL-SM,4804865
DRREDDY,225537
DRSDILIP-SM,1711617
DSML-SM,843265
DSSL,6576641
DTIL,1594113
DUCON,7411713
DVL,3894785
DWARKESH,2986753
DYNAMATECH,1158401
DYNPRO,5456385
E2E-SM,765441
EASTSILK-BE,2500865
EASUNREYRL,1249793
EBANK,2976001
ECLERX,3885825
ECLFINANCE-N5,1029633
ECLFINANCE-N6,1030401
ECLFINANCE-N7,1030913
ECLFINANCE-NB,1816321
ECLFINANCE-NC,1817857
ECLFINANCE-ND,1818881
ECLFINANCE-NE,1092609
ECLFINANCE-NF,1093633
ECLFINANCE-NG,1094657
ECLFINANCE-NH,1095681
ECLFINANCE-NI,1096705
ECLFINANCE-NJ,1097729
ECLFINANCE-NK,1098753
ECLFINANCE-NL,1099777
ECLFINANCE-NM,2036737
ECLFINANCE-NN,2038017
ECLFINANCE-NO,2039809
ECLFINANCE-NP,2040321
ECLFINANCE-NQ,2040833
ECLFINANCE-NR,2041601
ECLFINANCE-NS,2044417
EDELWEISS,3870465
EDL-BZ,2401793
EDUCOMP-BZ,5567233
EHFLNCD-N1,4569601
EHFLNCD-N2,4571649
EHFLNCD-N3,4572161
EHFLNCD-N4,4572673
EHFLNCD-N5,4573185
EHFLNCD-N6,4573697
EHFLNCD-N7,4574209
EICHERMOT,232961
EIDPARRY,234497
EIFFL-SM,5183745
EIHAHOTELS,3942145
EIHOTEL,235265
EIMCOELECO,1034241
EKC,3351297
ELAND-BE,3683073
ELECON,3492609
ELECTCAST,237569
ELECTCAST-W1,4637697
ELECTHERM,1144065
ELGIEQUIP,239873
ELGIRUBCO,6380545
EMAMILTD,3460353
EMAMIPAP,2578945
EMAMIREAL,4934913
EMBASSY-RR,2402049
EMCO-BE,3353345
EMKAY,3435777
EMKAYTOOLS-SM,2624769
EMMBI,4644353
ENDURANCE,4818433
ENERGYDEV,3852545
ENGINERSIN,1256193
ENIL,3377153
EON,6947073
EQ30,4396545
EQUITAS,4314113
ERFLNCDI-N1,566529
ERFLNCDI-N2,567553
ERFLNCDI-N3,568065
ERFLNCDI-N4,574977
ERFLNCDI-N5,576513
ERFLNCDI-N6,577025
ERIS,5415425
EROSMEDIA,5140481
ESABINDIA,244481
ESCORTS,245249
ESSARSHPNG-BE,6563329
ESSDEE-BZ,4896001
ESSELPACK,251137
ESTER,6211841
EUROCERA-BE,3684353
EUROMULTI-BE,4471297
EUROTEXIND,255745
EVEREADY,3016193
EVERESTIND,254209
EXCEL-BE,4449281
EXCELCROP,2935553
EXCELINDUS,2936577
EXIDEIND,173057
EXPLEOSOL,4476417
FACT,258049
FAIRCHEM,2259201
FCL,1586689
FCONSUMER,7689729
FCSSOFT,3071745
FDC,1253889
FEDERALBNK,261889
FEL,2692097
FELDVR,4352513
FELIX-SM,146689
FIEMIND,3509761
FILATEX,6280193
FINCABLES,265729
FINEORG,958465
FINPIPE,266497
FIVECORE-SM,786177
FLEXITUFF,6531073
FLFL,7872513
FMGOETZE,304641
FMNL-BE,5381377
FOCUS-SM,5239809
FORTIS,3735553
FOSECOIND,274689
FOURTHDIM-SM,3113473
FRETAIL,4704769
FSC,190465
FSL,3661825
GABRIEL,277761
GAEL,2259969
GAIL,1207553
GAL,5195777
GALAXYSURF,336641
GALLANTT,3414273
GALLISPAT,5155841
GAMMNINFRA,3939585
GANDHITUBE,3613697
GANECOS,1777665
GANESHHOUC,3670785
GANGAFORGE-SM,1012481
GANGESSECU,5478145
GANGOTRI-BZ,5346817
GARDENSILK,280833
GARFIBRES,281601
GATI,3504129
GAYAHWS,945409
GAYAPROJ,6405889
GDL,3004161
GEECEE,3496449
GEEKAYWIRE-SM,5527553
GENESYS,2791681
GENUSPAPER,1689601
GENUSPOWER,3047681
GEOJITFSL,3045377
GEPIL,2012673
GESHIP,3526657
GET&D,4296449
GHCL,288513
GICHSGFIN,291585
GICL-SM,4816641
GICRE,70913
GILLANDERS,4566785
GILLETTE,403457
GINNIFILA,292353
GIPCL,293121
GIRIRAJ-SM,605441
GIRRESORTS-IT,2543361
GISOLUTION,4350977
GKWLIMITED,4443393
GLAXO,295169
GLENMARK,1895937
GLFL-BE,2153473
GLOBAL-SM,5052929
GLOBALVECT-BE,3517185
GLOBE-SM,5404673
GLOBOFFS,3730433
GLOBUSSPR,4460545
GMBREW,299009
GMDCLTD,1332225
GMMPFAUDLR,401921
GMRINFRA,3463169
GNA,4754177
GNFC,300545
GOACARBON,3759873
GOCLCORP,1014529
GODFRYPHLP,302337
GODHA-SM,757505
GODREJAGRO,36865
GODREJCP,2585345
GODREJIND,2796801
GODREJPROP,4576001
GOENKA-BZ,1282561
GOKEX,3015169
GOKULAGRO,3706881
GOKUL-BE,4277505
GOLDBEES,3693569
GOLDENTOBC,321281
GOLDIAM,3064577
GOLDSHARE,3720961
GOLDSTAR-SM,257
GOLDTECH,2527745
GOODLUCK,1568001
GPIL,3432705
GPPL,5051137
GPTINFRA,4527361
GRANULES,3039233
GRAPHITE,151553
GRASIM,315393
GRAVITA,5256705
GREAVESCOT,316161
GREENLAM,1753089
GREENPLY,1020673
GREENPOWER-BE,5149185
GRETEX-SM,4797697
GRINDWELL,3471361
GROBTEA,4549121
GRPLTD,1675009
GRSE,1401601
GRUH,2957569
GSCLCEMENT,7641601
GSFC,319233
GSKCONS,821761
GSPL,3378433
GSS,3928833
GTL,297473
GTLINFRA-BE,3518977
GTNIND,322561
GTNTEX-BE,3449345
GTPL,5425921
GUFICBIO,2971137
GUJALKALI,324353
GUJAPOLLO,3757313
GUJFLUORO,329985
GUJGASLTD,2713345
GUJNRECOKE-W1,4832001
GUJRAFFIA-BE,2584833
GULFOILLUB,1124097
GULFPETRO,2964737
GULPOLY,1609217
GVKPIL,3385857
HAL,589569
HARITASEAT,4365313
HARRMALAYA,336129
HATHWAY,4647425
HATSUN,996353
HATSUN-E1,1047809
HAVELLS,2513665
HAVISHA-BE,2154753
HBLPOWER,3575297
HBSL,1053697
HCC,352001
HCG,3982081
HCL-INSYS,339713
HCLTECH,1850625
HDFC,340481
HDFCAMC,1086465
HDFCBANK,341249
HDFCLIFE,119553
HDFCMFGETF,5003009
HDFCNIFETF,2967297
HDFCSENETF,2967809
HDIL,3789569
HECPROJECT-SM,3956993
HEG,342017
HEIDELBERG,592897
HERCULES,3913729
HERITGFOOD,1177089
HEROMOTOCO,345089
HESTERBIO,1804289
HEXATRADEX-BE,6915073
HEXAWARE,2747905
HFCL,5619457
HGINFRA,428033
HGS,3766273
HIGHGROUND,4894209
HIKAL,2475009
HIL,372481
HILTON-BE,3745537
HIMATSEIDE,348161
HINDALCO,348929
HINDCOMPOS,351233
HINDCON-SM,431873
HINDCOPPER,4592385
HINDMOTORS-BE,5549825
HINDNATGLS,4363777
HINDOILEXP,359169
HINDPETRO,359937
HINDSYNTEX,363009
HINDUJAVEN,3724033
HINDUNILVR,356865
HINDZINC,364545
HIRECT,3555841
HISARMETAL,4946433
HITECH,734209
HITECHCORP,3881217
HITECHGEAR,1134849
HMT-BZ,5042689
HMVL,4918017
HNGSNGBEES,4680705
HONAUT,874753
HONDAPOWER,803329
HOTELEELA,370689
HOTELRUGBY-BE,2653697
HOVS,3479553
HPL,4781825
HSCL,3669505
HSIL,361473
HTMEDIA,3066625
HUBTOWN,3635969
HUDCO,5331201
HUDCO-N2,7997441
HUDCO-N3,7997953
HUDCO-N4,7503361
HUDCO-N5,7503873
HUDCO-N6,7589889
HUDCO-N7,7590401
HUDCO-N8,5101569
HUDCO-N9,5102081
HUDCO-NA,5110273
HUDCO-NB,5110785
HUDCO-NC,5111297
HUDCO-ND,5111809
HUDCO-NE,5112321
HUSYSLTD-SM,4758785
IBREALEST,3699201
IBUCCREDIT-N1,1246977
IBUCCREDIT-N2,1247489
IBUCCREDIT-N3,1248001
IBUCCREDIT-N4,1248769
IBUCCREDIT-N5,1255425
IBUCCREDIT-N6,1255937
IBUCCREDIT-N7,1256705
IBUCCREDIT-N8,1257473
IBUCCREDIT-N9,1257985
IBUCCREDIT-NA,1261057
IBUCCREDIT-NB,1262081
IBUCCREDIT-NC,1263617
IBUCCREDIT-ND,1265153
IBULHSGFIN,7712001
IBULHSGFIN-N1,4764161
IBULHSGFIN-N2,4764673
IBULHSGFIN-N3,4765185
IBULHSGFIN-N4,4765697
IBULHSGFIN-N5,4766209
IBULHSGFIN-N6,4766721
IBULHSGFIN-N7,4767233
IBULHSGFIN-N8,4767745
IBULHSGFIN-N9,4768257
IBULHSGFIN-NA,4768769
IBULHSGFIN-NB,4769281
IBULHSGFIN-NC,4769793
IBULHSGFIN-ND,4770305
IBULHSGFIN-NE,4770817
IBULHSGFIN-NF,4771329
IBULHSGFIN-W1,7713793
IBULISL,6399745
IBVENTURES,3938305
IBVENTURES-E3,2448641
ICEMAKE-SM,159745
ICFL-N1,2105345
ICFL-N2,2339841
ICFL-N3,2340609
ICFL-N4,2341889
ICFL-N5,2343425
ICFL-N6,2344193
ICFL-N7,2345217
ICFL-N8,2346241
ICICI0101-N9,2488321
ICICI0101-NC,2489089
ICICI0102-NB,2716417
ICICI0199-NB,1548801
ICICI0202-NC,2727937
ICICI0301-N9,2564609
ICICI0302-NC,2737921
ICICI0401-N9,2576129
ICICI0402-NC,2743297
ICICI0699-NA,1677057
ICICI0701-N8,2668289
ICICI0701-NB,2669057
ICICI0801-NA,2680833
ICICI0901-NB,2688513
ICICI1000-NB,2340097
ICICI1098-NB,1488385
ICICI1100-NA,2413057
ICICI1101-NC,2698753
ICICI1200-NA,2456321
ICICI1201-NB,2712577
ICICI1298-NB,1522177
ICICI1299-NC,1899777
ICICI500,768257
ICICIB22,133633
ICICIBANK,1270529
ICICIGI,5573121
ICICIGOLD,5037825
ICICILIQ,1238529
ICICILOVOL,5441025
ICICI-M1,2611457
ICICIMCAP,4531713
ICICINF100,7780353
ICICINV20,4473601
ICICINXT50,1159425
ICICIPRULI,4774913
ICICISENSX,1120769
ICICI-UZ,2611201
ICIL,3068673
ICRA,3717889
ICSA-BE,3490817
IDBI,377857
IDBIGOLD,6563841
IDEA,3677697
IDFC,3060993
IDFCFIRSTB,2863105
IDFCFIRSTB-N1,2759681
IDFCFIRSTB-N2,2762241
IDFCFIRSTB-N3,2797825
IDFCFIRSTB-N4,2764545
IDFCFIRSTB-N5,2765313
IDFCFIRSTB-N6,2766081
IDFCFIRSTB-N7,2766849
IDFCFIRSTB-N8,2767617
IDFCFIRSTB-N9,2768385
IDFCFIRSTB-NA,2769153
IDFCFIRSTB-NB,2792449
IDFCFIRSTB-NC,2793985
IDFCFIRSTB-ND,2794753
IDFCFIRSTB-NE,2795521
IEX,56321
IFBAGRO,379393
IFBIND,380161
IFCI,381697
IFCI-NC,1470465
IFCI-ND,1470977
IFCI-NE,1472001
IFCI-NF,1472769
IFCI-NG,1473281
IFCI-NH,1474305
IFCI-NI,1474817
IFCI-NJ,1700097
IFCI-NK,1700609
IFCI-NL,1701377
IFCI-NM,1702913
IFGLEXPOR,111617
IGARASHI,162305
IGL,2883073
IGPL,3606017
IIFCL-N1,5133313
IIFCL-N2,5133825
IIFCL-N3,5134337
IIFCL-N4,5134849
IIFL-BE,3023873
IIFLFIN-NC,2218241
IIFLFIN-ND,2218753
IIFLFIN-NE,2224129
IIFLFIN-NF,2225409
IIFLFIN-NG,2232065
IIFLFIN-NH,2236161
IIFLFIN-NI,2236929
IIHFL-N2,609537
IIHFL-N3,610305
IITL,4998401
IL&FSENGG-BZ,2401281
IL&FSTRANS-BZ,2401537
IMFA,4924161
IMPAL,3074305
IMPEXFERRO-BE,2991105
INDBANK,4334849
INDHOTEL,387073
INDIA VIX,264969
INDIA VIX,264969
INDIACEM,387841
INDIAGLYCO,389377
INDIANB,3663105
INDIANCARD-BE,1251329
INDIANHUME,391681
INDIGO,2865921
INDIGRID-IV,5372929
INDINFR-IV,740353
INDLMETER,1008129
INDNIPPON,1215233
INDOCO,2989313
INDORAMA,2814209
INDOSOLAR-BE,5109505
INDOSTAR,790529
INDOTECH,3398401
INDOTHAI,6555649
INDOWIND,3827713
INDRAMEDCO,1216257
INDSWFTLAB,1246721
INDSWFTLTD-BE,2970881
INDTERRAIN,5620993
INDUSINDBK,1346049
INEOSSTYRO,4865
INFIBEAM,4159745
INFOBEAN-SM,5283841
INFRABEES,5138433
INFRATEL,7458561
INFY,408065
INGERRAND,408833
INNOVANA-SM,170497
INNOVATIVE-SM,5596417
INOXLEISUR,3384577
INOXWIND,2010113
INSECTICID,3752193
INSPIRISYS,3514881
INTEGRA-BE,7763713
INTELLECT,1517057
INTENTECH,5138177
INVENTURE,6366721
IOB,2393089
IOC,415745
IOLCP,5225729
IPAPPM,42497
IPCALAB,418049
IRB,3920129
IRBINVIT-IV,5329153
IRCON,1276417
IREDA-N1,351745
IREDA-N2,353281
IREDA-N3,354049
IREDA-N4,355073
IREDA-N5,356097
IREDA-N6,356609
IREDA-N7,5127681
IRFC-N1,7968257
IRFC-N2,7968769
IRFC-N3,7506177
IRFC-N4,7506689
IRFC-N5,7578881
IRFC-N6,7579393
IRFC-N7,150017
IRFC-N8,151297
IRFC-N9,152833
IRFC-NA,154369
IRFC-NB,508673
IRFC-NC,509697
IRFC-ND,510209
IRFC-NE,511745
IRFC-NF,3000833
IRFC-NG,3002881
IRFC-NH,3007489
IRFC-NI,3008257
IRFC-NJ,3009025
IRFC-NK,3009793
IRFC-NL,3868161
IRFC-NM,3868673
IRFC-NN,3874305
IRFC-NO,3883009
IRISDOREME-SM,1492481
ISEC,637185
ISFT-BE,4731649
ISMTLTD,3822593
ITC,424961
ITDC,4940545
ITDCEM,1439233
ITI,428801
IVC,1718017
IVP-BE,2267393
IVRCLINFRA-BE,1936897
IVZINGOLD,4682753
IZMO,3628545
J&KBANK,1442049
JAGRAN,3382017
JAGSNPHARM,1128961
JAIBALAJI-BE,3603457
JAICORPLTD,1316609
JAIHINDPRO-BE,7965953
JAINSTUDIO-BZ,2274305
JAKHARIA-SM,1010945
JALAN-SM,5357825
JAMNAAUTO,5319169
JASH-SM,9217
JAYAGROGN,1034497
JAYBARMARU,437249
JAYNECOIND-BE,2268417
JAYSREETEA,440321
JBCHEPHARM,441857
JBFIND,442625
JBMA,2983681
JCHAC,1149697
JETAIRWAYS,2997505
JETFREIGHT-SM,4907521
JETKNIT-SM,4786945
JHS,3512321
JIKIND-BE,4347649
JINDALPHOT,3006209
JINDALPOLY,449537
JINDALSAW,774145
JINDALSTEL,1723649
JINDCOT-BE,4460033
JINDRILL,3552001
JINDWORLD,5284353
JISLDVREQS,6575105
JISLJALEQS,2661633
JITFINFRA-BE,5041921
JKCEMENT,3397121
JKIL,3908097
JKLAKSHMI,3453697
JKPAPER,3036161
JKTYRE,3695361
JMA,1819905
JMCPROJECT,1134081
JMFINANCIL,3491073
JMTAUTOLTD,3704321
JNPT-N1,7589377
JOCIL,4333313
JPASSOCIAT,2933761
JPINFRATEC,4837121
JPOLYINVST-BE,8066817
JPPOWER,3011329
JSL,2876417
JSLHISAR,3149825
JSWENERGY,4574465
JSWHL,3041281
JSWSTEEL,3001089
JSWSTEEL-P2,7820289
JTEKTINDIA,828673
JUBILANT,931073
JUBLFOOD,4632577
JUBLINDS,5514497
JUNIORBEES,2800385
JUSTDIAL,7670273
JVLAGRO-BZ,4756225
JYOTHYLAB,3877377
KABRAEXTRU,462081
KAJARIACER,462849
KAKATCEM,463617
KALPATPOWR,464385
KALYANI-BE,5031169
KALYANIFRG-BE,3880961
KAMATHOTEL,467457
KAMDHENU,3444993
KANANIIND,6601217
KANORICHEM,469761
KANSAINER,306177
KAPSTON-SM,632321
KARDA,602625
KARMAENG,6242561
KARURVYSYA,470529
KAUSHALYA,3874817
KAVVERITEL,3902465
KAWIRES-IT,2537729
KAYA,2630657
KCP,471297
KCPSUGIND,1231105
KDDL,3816449
KEC,3394561
KECL,4664321
KEERTI-SM,5492481
KEI,3407361
KELLTONTEC,3438081
KERNEX-BE,3360001
KESARENT,3570177
KESORAMIND,475905
KEYFINSERV,1064193
KGL-BE,3732737
KHADIM,108801
KHAITANELE-BE,2138369
KHAITANLTD,1001473
KHANDSE,2468097
KHFM-SM,2449921
KICL,5406465
KILITCH,5103873
KINGFA,4849665
KIOCL,4896257
KIRIINDUS,4259585
KIRLOSBROS,4756737
KIRLOSENG,5359617
KIRLOSIND,4870401
KITEX,7398145
KKCL,3425537
KKVAPOW-SM,4551937
KMSUGAR,3754753
KNRCON,3912449
KOHINOOR,770305
KOKUYOCMLN,4307713
KOLTEPATIL,3871745
KOPRAN,491265
KOTAKBANK,492033
KOTAKBKETF,1497857
KOTAKGOLD,3803649
KOTAKNV20,2932993
KOTAKPSUBK,3855617
KOTARISUG,2981633
KOTHARIPET,1176065
KOTHARIPRO,1415169
KPITTECH,2478849
KPRMILL,3817473
KRBL,2707713
KREBSBIO,495873
KRIDHANINF,2938881
KRISHANA-SM,5043457
KRITIKA-SM,1423873
KSB,498945
KSCL,3832833
KSERASERA,3497729
KSHITIJPOL-SM,1367297
KSK,4304129
KSL,4835585
KTIL,5350401
KTKBANK,2061825
KWALITY,4581633
L&TFH,6386689
L&TFINANCE-N4,4462849
L&TFINANCE-N7,2354689
L&TFINANCE-N8,2355201
L&TFINANCE-N9,2356225
L&TFINANCE-NA,2356737
L&TFINANCE-NB,2358273
L&TFINANCE-NC,2358785
L&TFINANCE-ND,2359297
L&TFINANCE-NE,2362113
L&TFINANCE-NF,2362625
L&TFINANCE-NG,2363137
L&TFINANCE-NH,2363649
L&TFINANCE-NI,2364161
L&TFINANCE-NJ,2459137
L&TFINANCE-NK,2460673
L&TFINANCE-NL,2461185
L&TFINANCE-NM,2462209
L&TFINANCE-NN,2463233
L&TFINANCE-NO,2463745
L&TFINANCE-NP,2465281
L&TFINANCE-NQ,2468865
L&TFINANCE-NR,2470401
L&TFINANCE-NS,2471937
L&TFINANCE-NT,2473473
L&TFINANCE-NU,2475265
L&TFINANCE-NV,2476545
L&TFINANCE-NW,2477057
L&TINFRA-N1,5326849
L&TINFRA-N2,5327361
L&TINFRA-N3,5327873
L&TINFRA-N4,5328385
L&TINFRA-N5,5772033
L&TINFRA-N6,5772545
LAGNAM-SM,1202177
LAKPRE-BZ,1222145
LAKSHVILAS,504321
LALPATHLAB,2983425
LAMBODHARA,1640193
LAOPALA,3692289
LASA,5558529
LATTEYS-SM,846593
LAURUSLABS,4923905
LAXMICOT-SM,5180417
LAXMIMACH,506625
LEEL-BE,2302465
LEMONTREE,667137
LEXUS-SM,5525761
LFIC,2022913
LGBBROSLTD,4690177
LGBFORGE-BE,4313345
LIBAS-SM,4955905
LIBERTSHOE,510465
LICHSGFIN,511233
LICNETFGSC,1551873
LICNETFN50,2897665
LICNETFSEN,2928897
LICNFNHGP,3898625
LINCOLN,2968577
LINCPEN-BE,1780481
LINDEINDIA,416513
LIQUIDBEES,2817537
LIQUIDETF,493313
LIX 15,258057
LIX 15,258057
LOKESHMACH,3439617
LOTUSEYE,4302593
LOVABLE,5738241
LPDC,4316929
LSIL,4557057
LT,2939649
LTI,4561409
LTTS,4752385
LUMAXIND,516609
LUMAXTECH,3587585
LUPIN,2672641
LUXIND,2893057
LYKALABS-BE,1855489
LYPSAGEMS,8055809
M&M,519937
M&MFIN,3400961
M&MFIN-N1,5131777
M&MFIN-N2,5132289
M&MFIN-N3,5132801
M100,5484289
M50,4937985
MAANALU,3844353
MACPOWER-SM,535041
MADHAV,3878657
MADHUCON,3499777
MADRASFERT,1257217
MAGADSUGAR,5476353
MAGMA,2919169
MAGMA-N1,2546177
MAGMA-N2,2546689
MAGMA-N3,2547201
MAGMA-N4,2551297
MAGMA-N5,2552065
MAGMA-N6,2553601
MAGMA-N7,2555393
MAGNUM,3828993
MAHABANK,2912513
MAHAPEXLTD-BE,2221825
MAHASTEEL,4486913
MAHESHWARI,2451457
MAHICKRA-SM,726785
MAHINDCIE,3823873
MAHLIFE,2060801
MAHLOG,98561
MAHSCOOTER,533761
MAHSEAMLES,534529
MAITHANALL,6281729
MAJESCO,2639361
MALUPAPER,3418113
MAN50ETF,1626369
MANAKALUCO,1899521
MANAKCOAT,1897729
MANAKSIA,3890945
MANAKSTEEL,1910529
MANALIPETC,3531777
MANAPPURAM,4879617
MANAPPURAM-NB,1453569
MANAPPURAM-NM,1460737
MANGALAM-BE,3025921
MANGCHEFER,3841793
MANGLMCEM,539137
MANGTIMBER-BE,2275585
MANINDS,3042305
MANINFRA,4665857
MANPASAND,2560513
MANUGRAPH,3474433
MARALOVER,540673
MARATHON,4776705
MARICO,1041153
MARINE-SM,1433089
MARKSANS,2708225
MARSHALL-SM,1183489
MARUTI,2815745
MASFIN,50945
MASKINVEST-BE,4795137
MASTEK,543745
MATRIMONY,5561857
MAWANASUG,4357633
MAXINDIA,4542721
MAXVIL,4471809
MAYURUNIQ,7399937
MAZDA,4829697
MBAPL-SM,4725761
MBECL-BE,3503873
MBLINFRA,4615425
MCDHOLDING,3753473
MCDOWELL-N,2674433
MCLEODRUSS,3057409
MCL-SM,5019393
MCX,7982337
MDL-SM,545793
MEGASOFT,3787009
MEGH,3776001
MELSTAR-BE,1939201
MENONBE,1782017
MEP,2245377
MERCATOR,3040257
METALFORGE,13313
METKORE-BE,4292353
METROPOLIS,2452737
MFSL,548353
MGL,4488705
MHHL-SM,365057
MHRIL,4437249
MIC-BE,3749889
MIDHANI,630529
MIL-BE,2589697
MILTON-SM,40705
MINDACORP,6629633
MINDAIND,3623425
MINDPOOL-SM,2278401
MINDTECK,4620545
MINDTREE,3675137
MIRCELECTR,563713
MIRZAINT,1124865
MITCON-SM,8054017
MITTAL-SM,608513
MKPL-SM,5250305
MMFL,3544065
MMNL-IT,2372353
MMP-SM,677633
MMTC,4596993
MODIRUBBER-BE,1775105
MOHITIND,7532289
MOHOTAIND,1029889
MOIL,5332481
MOKSH-SM,236545
MOLDTECH,4512001
MOLDTKPAC,1718529
MONSANTO,1857793
MONTECARLO,1520129
MORARJEE,7392513
MOREPENLAB,578305
MOTHERSUMI,1076225
MOTILALOFS,3826433
MOTOGENFIN,580609
MPHASIS,1152769
MPSLTD,2707969
MPTODAY-SM,5578753
MRF,582913
MRO-IT,1313281
MRO-TEK,2303489
MRPL,584449
MSPL,3051265
MSTCLTD,2395137
MTEDUCARE,8040705
MTNL,587265
MUKANDENGG,2135809
MUKANDLTD,2899201
MUKANDLTD-P1,2900225
MUKTAARTS,2223873
MUNJALAU,3458817
MUNJALSHOW,590593
MURUDCERA,592129
MUTHOOTCAP,2666241
MUTHOOTFIN,6054401
MVL,4289793
N100,5821185
NABARD-N1,5128193
NABARD-N2,5128705
NACLIND,5228801
NAGAFERT,4427521
NAGAROIL,8009217
NAGREEKCAP,3825153
NAGREEKEXP,3763713
NAHARCAP,3932161
NAHARINDUS,3355137
NAHARPOLY,3697921
NAHARSPING,3696641
NANDANI-SM,4788737
NARMADA-SM,697857
NATCOPHARM,1003009
NATHBIOGEN,2832641
NATIONALUM,1629185
NATNLSTEEL,609025
NAUKRI,3520257
NBCC,8042241
NBIFIN,4892417
NBVENTURES,1027585
NCC,593665
NCLIND,3709441
NDGL,4702977
NDL,8002049
NDTV,2925313
NECCLTD,3461633
NECLIFE,3053313
NELCAST,3778817
NELCO,611329
NEOGEN,2538753
NESCO,3944705
NESTLEIND,4598529
NETF,2006529
NETWORK18,3612417
NEULANDLAB,615937
NEWGEN,297985
NEXTMEDIA,2525953
NFL,3564801
NH,3031041
NHAI-N1,7945729
NHAI-N2,7946241
NHAI-N3,45057
NHAI-N4,46081
NHAI-N5,47617
NHAI-N6,49153
NHAI-N7,3058945
NHAI-N8,3059713
NHAI-N9,3060225
NHAI-NA,3072769
NHAI-NB,3711233
NHAI-NC,3711745
NHAI-ND,3717633
NHAI-NE,3719425
NHBTF2014-N1,8183041
NHBTF2014-N2,8183297
NHBTF2014-N3,8183553
NHBTF2014-N4,8183809
NHBTF2014-N5,8184065
NHBTF2014-N6,8184321
NHBTF2023-N1,7581697
NHBTF2023-N2,449025
NHBTF2023-N3,450049
NHBTF2023-N4,450817
NHBTF2023-N5,451329
NHBTF2023-N6,451841
NHBTF2023-N7,452353
NHPC,4454401
NHPC-N1,8059393
NHPC-N2,8059649
NHPC-N3,8059905
NHPC-N4,8060161
NHPC-N5,8060417
NHPC-N6,8060673
NI15,258569
NI15,258569
NIACL,102145
NIBL,7611649
NIITLTD,2949633
NIITTECH,2955009
NILAINFRA,2368769
NILASPACES,1897217
NILKAMAL,619777
NIPPOBATRY,1736193
NIRAJISPAT-BE,4824065
NITCO,3404801
NITESHEST,4815105
NITINFIRE,3758593
NITINSPIN,3372801
NITIRAJ-SM,5073153
NKIND,624385
NLCINDIA,2197761
NMDC,3924993
NOCIL,625153
NOIDATOLL,2761217
NORBTEAEXP,1064961
NRAIL,5200385
NRBBEARING,1933569
NSIL,2877185
NTL-BE,7821825
NTPC,2977281
NTPC-N1,8130049
NTPC-N2,8130561
NTPC-N3,8131073
NTPC-N4,8131585
NTPC-N5,8132097
NTPC-N6,8132609
NTPC-N7,1888513
NTPC-N8,2748673
NTPC-N9,2749697
NTPC-NA,2750465
NTPC-NB,2750977
NTPC-NC,2751745
NTPC-ND,2752257
NUCLEUS,2762497
NV20,265481
NV20,265481
OBEROIRLTY,5181953
OCCL,3131137
OFSS,2748929
OIL,4464129
OILCOUNTUB,632833
OISL-BE,4311809
OLECTRA,2723073
OMAXAUTO,2796033
OMAXE,3802369
OMFURN-SM,29953
OMKARCHEM,5506817
OMMETALS,6203137
ONELIFECAP,6525953
ONEPOINT,2544385
ONGC,633601
ONMOBILE,3911169
ONWARDTEC,635137
OPAL-SM,7615233
OPTIEMUS,5496065
OPTOCIRCUI,2819073
ORBTEXP,8057601
ORCHIDPHAR-BZ,297217
ORICONENT,2600705
ORIENTABRA,3356417
ORIENTALTL,3672577
ORIENTBANK,636673
ORIENTBELL,3655169
ORIENTCEM,7702785
ORIENTELEC,760833
ORIENTHOT,638209
ORIENTLTD,4661249
ORIENTPPR,638977
ORIENTREF,7977729
ORISSAMINE,5102337
ORTEL-BE,1850881
ORTINLABSS,2661377
OSIAHYPER-SM,2438145
OSWALAGRO,643585
OSWALSEEDS-SM,920833
PAEL,697089
PAGEIND,3689729
PAISALO,6519809
PALASHSECU,5474049
PALREDTEC,4367873
PANACEABIO,1038081
PANACHE-SM,5271297
PANAMAPET,6500353
PANSARI-SM,4806657
PAPERPROD,655873
PARABDRUGS-BE,4888321
PARACABLES,3571457
PARAGMILK,4385281
PARIN-SM,1397761
PAR-SM,2569473
PARSVNATH,3530497
PASHUPATI-SM,5544193
PATELENG,2994945
PATINTLOG,3896065
PATSPINLTD,662785
PCJEWELLER,7455745
PDMJEPAPER,3936513
PDPL,5001473
PDSMFL,1347585
PEARLPOLY-BE,2096129
PEL,617473
PENIND,5278977
PENINLAND,577537
PENTAGOLD-SM,722433
PERFECT-SM,2880001
PERSISTENT,4701441
PETRONENGG-BE,1681153
PETRONET,2905857
PFC,3660545
PFC-N1,5112833
PFC-N2,5113345
PFC-N3,5113857
PFC-N4,5114369
PFC-N5,5125633
PFC-N6,5126145
PFC-N7,5126657
PFC-N8,5127169
PFIZER,676609
PFOCUS,3454977
PFS,5786113
PGEL,6491649
PGHH,648961
PGHL,240641
PGIL,3650561
PHILIPCARB,678145
PHOENIXLTD,3725313
PIDILITIND,681985
PIGL-SM,700929
PIIND,6191105
PILANIINVS,2929921
PILITA,7893761
PIONDIST,4861953
PIONEEREMB-BE,3447297
PIRPHYTO-BE,4274945
PITTIENG,3618305
PKTEA-BE,2641409
PLASTIBLEN,3563521
PNB,2730497
PNBGILTS,2236417
PNBHOUSING,4840449
PNC,2391553
PNCINFRA,2402561
PODDARHOUS-BE,5235201
PODDARMENT,4873217
POKARNA,4518657
POLYCAB,2455041
POLYMED,6583809
POLYPLEX,687873
PONNIERODE,2729217
POWERFUL-SM,1149441
POWERGRID,3834113
POWERMECH,2681089
PPAP,3893505
PRABHAT,2726401
PRADIP-BE,4700417
PRAENG,3568897
PRAJIND,692481
PRAKASH,693249
PRAKASHCON,6505985
PRAKASHSTL,5017345
PRAXIS,308225
PRECAM,3226369
PRECOT,694017
PRECWIRE,695553
PREMEXPLN,4453633
PREMIER-BE,1599489
PREMIERPOL,1000449
PRESSMN,2987777
PRESTIGE,5197313
PRICOLLTD,5025537
PRIMESECU,3037185
PRITI-SM,924673
PROLIFE-SM,4954113
PROSEED,7422465
PROVOGE-BE,8006657
PROZONINTU-BE,7388929
PRSMJOHNSN,701185
PSB,5376257
PSL,705281
PSPPROJECT,5344513
PSUBNKBEES,3848193
PTC,2906881
PTL,3609857
PULZ-SM,129793
PUNJABCHEM,1112065
PUNJLLOYD-BE,3365121
PURVA,3820033
PUSHPREALM-SM,5438721
PVR,3365633
QGOLDHALF,3924481
QUESS,4532225
QUICKHEAL,3357697
QUINTEGRA-BE,2400257
RADAAN,2798593
RADICO,2813441
RADIOCITY,5088513
RAIN,3926273
RAINBOWPAP-BZ,2597121
RAJESHEXPO,1894657
RAJMET-SM,1375745
RAJRAYON-BZ,1879297
RAJSREESUG,719105
RAJTV-BZ,2277377
RAJVIR-BE,3070977
RALLIS,720897
RAMANEWS,3472641
RAMASTEEL,2636801
RAMCOCEM,523009
RAMCOIND,1174273
RAMCOSYS,2009857
RAMGOPOLY-BE,2573569
RAMKY,5154305
RANASUG,726273
RANEENGINE,4288257
RANEHOLDIN,728065
RATNAMANI,3443457
RAYMOND,731905
RBL,4286721
RBLBANK,4708097
RCF,733697
RCOM,3375873
RECLTD,3930881
RECLTD-N1,7451905
RECLTD-N2,7452417
RECLTD-N3,7580673
RECLTD-N4,7581185
RECLTD-N5,7931393
RECLTD-N6,7931905
RECLTD-N7,7932417
RECLTD-N8,7932929
RECLTD-N9,7933441
RECLTD-NA,7933953
RECLTD-NB,750337
RECLTD-NC,750849
RECLTD-ND,751361
RECLTD-NE,752897
RECLTD-NF,754433
RECLTD-NG,755969
RECLTD-NH,5101057
RECLTD-NI,5100545
REDINGTON,3649281
REFEX-BE,4548609
REGENCERAM-BE,2317057
RELAXO,6201601
RELCAPITAL,737793
RELCNX100,7571713
RELCONS,623361
RELDIVOPP,674817
RELIABLE-SM,13057
RELIANCE,738561
RELIGARE,3857409
RELINFRA,141569
RELNV20,2520833
REMSONSIND,1015041
RENUKA,3078657
REPCOHOME,7577089
REPL-SM,1020161
REPRO,3360257
RESPONIND,5202689
RETFMID150,2177537
REVATHI,3062017
RGL,3873025
RHFL,5563649
RHFL-N1,4949249
RHFL-N2,4949761
RHFL-N3,4950273
RHFL-N4,4950785
RHFL-N5,4951297
RHFL-N6,4951809
RHFL-N7,4952321
RHFL-N8,4952833
RICOAUTO,744705
RIIL,745473
RITES,962817
RKDL-BE,5364225
RKEC-SM,5602817
RKFORGE,2921217
RMCL,3863809
RMDRIP-SM,5584897
RML,3065601
RNAM,91393
ROHITFERRO-BE,3427841
ROHLTD,3374593
ROLLT-BE,4891649
ROLTA-BE,1531393
ROSSELLIND,7401729
RPGLIFE,4281601
RPOWER,3906305
RPPINFRA,5314561
RPPL-SM,1214465
RRSLGETF,4531201
RSSOFTWARE,1645825
RSWM,715265
RSYSTEMS,3433985
RTNINFRA,6988033
RTNPOWER,4485121
RUBYMILLS,752385
RUCHINFRA-BE,2156289
RUCHIRA,3538177
RUCHISOYA-BE,1824001
RUPA,6585345
RUSHIL,6296321
RVNL,2445313
SABEVENTS,4735233
SABTN-BE,3855361
SADBHAV,3388417
SADBHIN,2718209
SAGARDEEP-BE,2093057
SAGCEM,3601409
SAIL,758529
SAKAR,2441985
SAKETH-SM,1103105
SAKHTISUG-BE,1922305
SAKSOFT,3019265
SAKUMA,3392257
SALASAR,5468673
SALONA,4441857
SALSTEEL,2978305
SALZERELEC,2918145
SAMBHAAV,1056513
SANCO,4876545
SANDESH,764929
SANDHAR,613633
SANGAMIND,1071105
SANGHIIND,767233
SANGHVIFOR-BE,6099969
SANGHVIMOV,3598849
SANGINITA-SM,5074945
SANOFI,369153
SANWARIA,3410433
SARDAEN,4546049
SAREGAMA,1252353
SARLAPOLY,3595009
SARVESHWAR-SM,460289
SASKEN,3067649
SASTASUNDR,5136129
SATHAISPAT-BE,3558145
SATIN,2675969
SBIETFQLTY,1847809
SBILIFE,5582849
SBIN,779521
SBIN-N2,5253121
SBIN-N5,5722625
SBIN-N6,5723137
SCAPDVR-BE,6913
SCHAEFFLER,258817
SCHAND,5298689
SCHNEIDER,7995905
SCI,780289
SDBL-BZ,2577153
SEAMECLTD,669697
SECURCRED-SM,105473
SELAN,3481089
SELMCL,3810305
SENSEX,265
SEPOWER,6989569
SEQUENT,3659777
SERVOTECH-SM,5529345
SESHAPAPER,784897
SETCO,4483585
SETF10GILT,4453121
SETFGOLD,4421633
SETFNIF50,2605057
SETFNIFBK,1884417
SETFNN50,1882369
SFL,4911105
SGBAUG24-GB,4717825
SGBDEC2512-GB,203521
SGBDEC2513-GB,220673
SGBDEC25-GB,159489
SGBDEC25XI-GB,186625
SGBDEC26-GB,1959425
SGBFEB24-GB,4706561
SGBFEB27-GB,2244097
SGBJAN26-GB,241921
SGBJAN27-GB,2126849
SGBJUL25-GB,5498113
SGBJUN27-GB,2626817
SGBMAR24-GB,4706817
SGBMAR25-GB,5239553
SGBMAY25-GB,5370881
SGBMAY26-GB,740097
SGBNOV23-GB,4415489
SGBNOV24-GB,4915969
SGBNOV258-GB,127233
SGBNOV25-GB,117249
SGBNOV25IX-GB,138241
SGBNOV25VI-GB,101889
SGBNOV26-GB,1626881
SGBOCT25-GB,64001
SGBOCT25IV-GB,77825
SGBOCT25V-GB,90881
SGBOCT26-GB,1525761
SGBSEP24-GB,4811521
SGL,3421953
SHAHALLOYS,3035137
SHAIVAL-SM,2734849
SHAKTIPUMP,6546945
SHALBY,182785
SHALPAINTS,3927553
SHANKARA,5202177
SHANTIGEAR,787969
SHANTI-SM,5487105
SHARDACROP,1277953
SHARDAMOTR,2695681
SHARIABEES,4363265
SHEMAROO,1297409
SHILPAMED,4544513
SHIRPUR-G,2510593
SHIVAMAUTO,3521537
SHIVAMILLS,383233
SHIVATEX,205825
SHK,2870273
SHOPERSTOP,3024129
SHRADHA-SM,165889
SHREECEM,794369
SHREEPUSHK,2710529
SHREERAMA,1952513
SHRENIK-SM,5453057
SHREYANIND,800257
SHREYAS,801025
SHRIPISTON-BE,4400641
SHRIRAMCIT,3005185
SHRIRAMEPC,3918849
SHUBHLAXMI-SM,1651457
SHYAMCENT,2608129
SHYAMTEL,3517441
SICAGEN,4320001
SICAL,1630209
SIEMENS,806401
SIGIND,1157633
SIIL-SM,1934081
SIKKO-SM,5252097
SIL-BE,2892289
SILGO-SM,1405953
SILINV,1050881
SILLYMONKS-SM,273153
SILVERTUC-SM,141057
SIMBHALS,3740673
SIMPLEXINF,809473
SINTERCOM-SM,359681
SINTEX,1492737
SIRCA-SM,818689
SIS,5504257
SITASHREE-BE,3941889
SITINET-BE,3584257
SIYSIL,3608577
SJVN,4834049
SKFINDIA,815617
SKIL-BE,3899393
SKIPPER,2413569
SKMEGGPROD,1211393
SKSTEXTILE-SM,287489
SMARTLINK,2531585
SMLISUZU,867073
SMPL-BE,4669953
SMSLIFE,5517057
SMSPHARMA,3668225
SMVD-SM,216833
SNOWMAN,1239809
SOBHA,3539457
SOFTTECH-SM,749057
SOLARA,940033
SOLARINDS,3412993
SOLEX-SM,315137
SOMANYCERA,993281
SOMATEX-BE,2330625
SOMICONVEY,4555265
SONAMCLOCK-SM,892417
SONATSOFTW,1688577
SONISOYA-SM,685313
SORILINFRA,3347457
SOTL,773377
SOUTHBANK,1522689
SOUTHWEST,2477569
SPAL,4672513
SPARC,3785729
SPCENET,4959233
SPECIALITY,6939393
SPECTRUM-SM,1295361
SPENCERS,2089729
SPENTEX-BE,3544577
SPIC,832513
SPICEMOBI-BE,4271873
SPLIL,3055361
SPMLINFRA,850177
SPTL,5494273
SPYL-BE,5401345
SREEL,8150273
SREIBNPNCD-N7,2327041
SREIBNPNCD-N8,2329089
SREIBNPNCD-N9,2330113
SREIBNPNCD-NC,4990465
SREIBNPNCD-ND,4990977
SREIBNPNCD-NE,4991489
SREIBNPNCD-NF,4992001
SREIBNPNCD-NG,4992513
SREIBNPNCD-NH,4993025
SREIBNPNCD-NI,4993537
SREIBNPNCD-NJ,4994049
SREIBNPNCD-NK,4994561
SREIBNPNCD-NL,4995073
SREIBNPNCD-NM,5003777
SREIBNPNCD-NN,5004289
SREIBNPNCD-NO,5509377
SREIBNPNCD-NP,5509889
SREIBNPNCD-NQ,5510401
SREIBNPNCD-NR,5510913
SREIBNPNCD-NS,5511425
SREIBNPNCD-NT,5511937
SREIBNPNCD-NU,5512449
SREIBNPNCD-NV,5512961
SREIBNPNCD-NW,5513473
SREINFRA,836353
SREINFRA-NW,4791041
SREINFRA-NX,4791553
SREINFRA-NY,4792065
SREINFRA-NZ,4792577
SREINFRA-Y1,4793089
SREINFRA-Y2,4793601
SREINFRA-Y5,5055745
SREINFRA-Y6,5056257
SREINFRA-Y7,5056769
SREINFRA-Y8,5057281
SREINFRA-Y9,5057793
SREINFRA-YA,5058305
SREINFRA-YB,5135361
SREINFRA-YG,514817
SREINFRA-YH,516353
SREINFRA-YI,517377
SREINFRA-YJ,517889
SREINFRA-YK,518401
SREINFRA-YL,518913
SREINFRA-YM,520449
SREINFRA-YN,520961
SREINFRA-YO,525057
SRF,837889
SRHHYPOLTD,3732993
SRIPIPES,3821313
SRIRAM-SM,5374209
SRPL-SM,318465
SRSLTD-BZ,1229313
SRTRANSFIN,1102337
SRTRANSFIN-Y3,7928833
SRTRANSFIN-Y6,7929601
SRTRANSFIN-Y8,1106689
SRTRANSFIN-Y9,1107457
SRTRANSFIN-YA,1108481
SRTRANSFIN-YB,1109505
SRTRANSFIN-YD,1111297
SRTRANSFIN-YG,1112321
SRTRANSFIN-YH,76289
SRTRANSFIN-YI,127489
SRTRANSFIN-YJ,135169
SRTRANSFIN-YK,178177
SRTRANSFIN-YL,256257
SRTRANSFIN-YM,452865
SRTRANSFIN-YN,485633
SRTRANSFIN-YO,1571841
SRTRANSFIN-YP,1574145
SRTRANSFIN-YQ,1576961
SRTRANSFIN-YR,1578497
SRTRANSFIN-YS,1579009
SRTRANSFIN-YT,1579521
SRTRANSFIN-YU,1580033
SRTRANSFIN-YV,2206977
SRTRANSFIN-YW,2208001
SRTRANSFIN-YX,2208513
SRTRANSFIN-YY,2210049
SRTRANSFIN-YZ,2212353
SRTRANSFIN-Z1,2213377
SRTRANSFIN-Z2,2217729
SSINFRA-SM,687617
SSWL,3028225
STAMPEDE-BE,4612609
STAN-DR,4851713
STAR,1887745
STARCEMENT,5399297
STARPAPER,842497
STCINDIA,2802689
STEELCITY-SM,5035009
STEELXIND,5462785
STEL,5499905
STERTOOLS,1100545
STINDIA-BE,2290689
STRTECH,2383105
SUBCAPCITY-BE,2474497
SUBEX,2867969
SUBROS,850945
SUDARSCHEM,851713
SUJANAUNI-BE,3917313
SUMEETINDS,5322241
SUMIT-SM,1186305
SUMMITSEC,5446401
SUNCLAYLTD,7426049
SUNDARAM,4846337
SUNDARMFIN,854785
SUNDARMHLD,558849
SUNDRMBRAK,1069825
SUNDRMFAST,856321
SUNFLAG,857089
SUNILHITEC-BE,3391745
SUNPHARMA,857857
SUNTECK,4516097
SUNTV,3431425
SUPERHOUSE,5277697
SUPERSPIN,859393
SUPPETRO,860161
SUPRAJIT,2992385
SUPREMEENG-SM,1181953
SUPREMEIND,860929
SUPREMEINF-BE,3841537
SURANASOL,5395713
SURANAT&P,2739201
SURANI-SM,2179329
SUREVIN-SM,5501953
SURYALAXMI,3034113
SURYAROSNI,864001
SUTLEJTEX,3533057
SUULD-SM,830721
SUVEN,2875649
SUZLON,3076609
SVLL-SM,835073
SWANENERGY,6936321
SWARAJENG,866305
SWELECTES,3048705
SYMPHONY,6192641
SYNCOM-BE,4635649
SYNDIBANK,1837825
SYNGENE,2622209
TAINWALCHM,869377
TAJGVK,2394625
TAKE,3818753
TALBROAUTO,3493889
TALWALKARS,4812033
TALWGYM,953089
TANLA,3577857
TANTIACONS-BE,3916033
TARACHAND-SM,541953
TARAJEWELS-BE,7440897
TARAPUR-BE,4820737
TARMAT,3781377
TASTYBITE,5143553
TATACHEM,871681
TATACOFFEE,185345
TATACOMM,952577
TATAELXSI,873217
TATAGLOBAL,878593
TATAINVEST,414977
TATAMETALI,876289
TATAMOTORS,884737
TATAMTRDVR,4343041
TATAPOWER,877057
TATASPONGE,419585
TATASTEEL,895745
TATASTEEL-E1,487937
TATASTLBSL,114433
TBZ,6921473
TCFSL-NA,1284353
TCFSL-NB,1287425
TCFSL-NC,1287937
TCFSL-ND,1290753
TCFSL-NE,1294337
TCFSL-NF,1294849
TCI,2708481
TCIDEVELOP,6003713
TCIEXP,4921089
TCIFINANCE,1221377
TCNSBRANDS,1068033
TCPLPACK,47105
TCS,2953217
TDPOWERSYS,6445569
TEAMLEASE,3255297
TECHIN,6448641
TECHM,3465729
TECHNOE,1649921
TECHNOFAB,4912641
TEJASNET,5409537
TERASOFT,4938753
TEXINFRA,2956545
TEXMOPIPES,4662785
TEXRAIL,5587969
TFCILTD,887297
TFL-BE,3666689
TGBHOTELS,3739393
THANGAMAYL,4638209
THEINVEST,5485313
THEJO-SM,7383553
THEMISMED,3708161
THERMAX,889601
THIRUSUGAR-BZ,2576385
THOMASCOOK,891137
THOMASCOTT-BE,7941377
THYROCARE,4360193
TI,4914177
TIDEWATER,3588865
TIIL,3641089
TIINDIA,79873
TIJARIA,6523393
TIL,891905
TIMESGTY-BE,2871553
TIMETECHNO,3764993
TIMKEN,3634689
TINPLATE,894209
TIPSINDLTD,2333953
TIRUMALCHM,894977
TIRUPATIFL-SM,17921
TIRUPATI-SM,5598209
TITAN,897537
TMRVL,4916481
TNPETRO,898305
TNPL,1018881
TNTELE-BE,2530305
TOKYOPLAST,982273
TORNTPHARM,900609
TORNTPOWER,3529217
TOTAL-SM,5490433
TOUCHWOOD-SM,201217
TPLPLASTEH,2360065
TRANSWIND-SM,5442561
TREEHOUSE-BE,6422017
TREJHARA,1924609
TRENT,502785
TRF,4604673
TRIDENT,2479361
TRIGYN,1389569
TRIL,3884545
TRITURBINE,6549505
TRIVENI,3348737
TTKHLTCARE,2910465
TTKPRESTIG,907777
TTL,3664385
TTML,2292225
TV18BRDCST,3637249
TVSELECT,2883841
TVSMOTOR,2170625
TVSSRICHAK,3646721
TVTODAY,2886401
TVVISION-BE,4738049
TWL,3945985
UBL,4278529
UCALFUEL,913921
UCL-SM,1078273
UCOBANK,2873089
UFLEX,269569
UFO,2313985
UGARSUGAR,5011969
UJAAS,6537217
UJJIVAN,4369665
ULTRACEMCO,2952193
UMANGDAIRY,2915073
UMESLTD,4900353
UNICHEMLAB,916225
UNIENTER,2891009
UNIINFO-SM,464129
UNIONBANK,2752769
UNIPLY,3684609
UNITECH,920065
UNITEDBNK,4679169
UNITEDPOLY-SM,4406529
UNITEDTEA,4607745
UNITY-BZ,1224961
UNIVASTU-SM,5472257
UNIVCABLES,923393
UPL,2889473
URAVI-SM,594433
URJA,5171969
USHAMART,2263041
UTINEXT50,5498369
UTINIFTETF,2690817
UTISENSETF,2691841
UTISXN50,2347009
UTTAMSTL,930305
UTTAMSUGAR,3424257
UVSL,4475905
UWCSL-SM,1521921
V2RETAIL,3780097
VADILALIND,6194177
VAIBHAVGBL,2909185
VAISHALI-SM,5521409
VAKRANGEE,3415553
VARDHACRLC,2872321
VARDMNPOLY-BE,1764609
VARROC,987393
VASA-SM,326145
VASCONEQ,4636161
VASWANI,6487041
VBL,4843777
VEDL,784129
VENKEYS,961793
VENUSREM,3547905
VERA-SM,682497
VERTOZ-SM,128001
VESUVIUS,941057
VETO,2214913
VGUARD,3932673
VHL,3044353
VICEROY-BE,3816193
VIDEOIND-BZ,1171457
VIDHIING,3465217
VIJIFIN,4528897
VIKASECO,6593537
VIKASMCORP,2542337
VIMALOIL-BE,7651329
VIMTALABS,3353857
VINATIORGA,4445185
VINDHYATEL,945665
VINNY-SM,1444609
VINYLINDIA,4306177
VIPCLOTHNG,3799809
VIPIND,947969
VIPULLTD,2156545
VISAKAIND,1080577
VISASTEEL,3403521
VISESHINFO-BE,1870337
VISHNU,1768449
VIVIDHA,7648513
VIVIMEDLAB,3063041
VLSFINANCE,951041
VMART,7496705
VOLTAMP,3475713
VOLTAS,951809
VRLLOG,2226177
VSCL-SM,5369089
VSSL,6929153
VSTIND,953345
VSTTILLERS,6218753
VTL,530689
WABAG,5168129
WABCOINDIA,4330241
WALCHANNAG,956417
WANBURY-BE,3601153
WEALTH-SM,4001793
WEBELSOLAR,3738113
WEIZFOREX,6244097
WEIZMANIND,959489
WELCORP,3026177
WELENT,2976257
WELINV,5068801
WELSPUNIND,2880769
WENDT,1084161
WHEELS,964097
WHIRLPOOL,4610817
WILLAMAGOR,965633
WINDMACHIN,6392065
WINSOME-BE,6411521
WIPL-BE,5245697
WIPRO,969473
WOCKPHARMA,1921537
WONDERLA,768513
WORTH-SM,5571329
WSI-BE,3796993
WSTCSTPAPR,972545
XCHANGING,2996481
XELPMOC,2170113
XLENERGY-BE,3561985
XPROINDIA,2920193
YESBANK,3050241
ZEEL,975873
ZEELEARN,5338113
ZEEL-P2,4283905
ZEEMEDIA,3584769
ZENITHBIR-BE,3728897
ZENITHEXPO-BE,2253313
ZENSARTECH,275457
ZENTEC,1922049
ZICOM-BE,3428865
ZODIACLOTH-BE,2015489
ZODIAC-SM,154113
ZODJRDMKJ,978945
ZOTA-SM,5304321
ZUARI,7436801
ZUARIGLOB,979713
ZYDUSWELL,4514561